DEVICE ID,ODP INDEX,ODP NAME,LATITUDE,LONGITUDE,CLUSNAME,CLUSTERSATATUS,AVAI,USED,RSV,RSK,IS TOTAL,Telkom Regional,Telkom Witel,Telkom Datel,Telkom STO,Telkom STO Deskripsi,ODP INFO,UPDATE DATE,TGL GOLIVE,TAHUN ODP,BULAN ODP,KATEGORI,NAMA PROYEK,KABUPATEN KOTA,PROVINSI,OCC 1,OCC 2,ID ODP,Telkomsel Area,Telkomsel Regional,Telkomsel Branch,Telkomsel Cluster,Validasi STO,Validasi ODC,Jarak ODP ke ODC (Meter),Jarak ODC ke STO (Meter),Jarak ODP ke STO (Meter),Validasi Provinsi,Validasi Kabupaten Kota,Validasi Kecamatan,Validasi Kelurahan,Telda
4353794164,,ODP-KTS-FE/63,-7.589054,112.111019,,,2,6,0,0,8,REGIONAL 5,KEDIRI,NGANJUK,KTS,,,2024-03-16 23:24:15,2019-11-29,2019,11,NON TITO,,,JAWA TIMUR,0.75,YELLOW,787617548,AREA 3,JATIM,MADIUN,KEDIRI,,,0,0,0,JAWA TIMUR,NGANJUK,KERTOSONO,KUDU,NGANJUK
4353794169,,ODP-KTS-FE/59,-7.587381,112.111552,,,8,8,0,0,16,REGIONAL 5,KEDIRI,NGANJUK,KTS,,,2024-03-16 23:24:19,2019-11-29,2019,11,NON TITO,,,JAWA TIMUR,0.5,YELLOW,787617552,AREA 3,JATIM,MADIUN,KEDIRI,,,0,0,0,JAWA TIMUR,NGANJUK,KERTOSONO,KUDU,NGANJUK
4353794174,,ODP-KTS-FE/65,-7.591636,112.108958,,,8,8,0,0,16,REGIONAL 5,KEDIRI,NGANJUK,KTS,,,2024-03-16 23:24:19,2019-11-29,2019,11,NON TITO,,,JAWA TIMUR,0.5,YELLOW,787617557,AREA 3,JATIM,MADIUN,KEDIRI,,,0,0,0,JAWA TIMUR,JOMBANG,BANDARKEDUNGMULYO,BANDARKEDUNGMULYO,NGANJUK
4353794184,,ODP-KTS-FE/70,-7.586529,112.104479,,,6,10,0,0,16,REGIONAL 5,KEDIRI,NGANJUK,KTS,,,2024-03-16 23:24:00,2019-11-29,2019,11,NON TITO,,,JAWA TIMUR,0.625,YELLOW,787617563,AREA 3,JATIM,MADIUN,KEDIRI,,,0,0,0,JAWA TIMUR,NGANJUK,KERTOSONO,KUDU,NGANJUK
3215294745,,ODP-NJK-FE/41,-7.606912,111.902421,,,5,11,0,0,16,REGIONAL 5,KEDIRI,NGANJUK,NJK,,,2024-03-16 23:28:50,2019-01-11,2019,1,NON TITO,,,JAWA TIMUR,0.6875,YELLOW,448230173,AREA 3,JATIM,MADIUN,KEDIRI,,,0,0,0,JAWA TIMUR,NGANJUK,NGANJUK,PAYAMAN,NGANJUK
3236446435,,ODP-NJK-FZ/47,-7.563331,111.875874,,,2,6,0,0,8,REGIONAL 5,KEDIRI,NGANJUK,NJK,,,2024-03-16 23:27:50,2019-01-11,2019,1,NON TITO,,,JAWA TIMUR,0.75,YELLOW,448223819,AREA 3,JATIM,MADIUN,KEDIRI,,,0,0,0,JAWA TIMUR,NGANJUK,REJOSO,SUKOREJO,NGANJUK
4515422136,,ODP-GDN-FC/50,-7.525261,111.905091,,,4,4,0,0,8,REGIONAL 5,KEDIRI,NGANJUK,GON,GONDANG,,2023-08-30 17:58:32,2020-01-30,2020,1,NON TITO,,,JAWA TIMUR,0.5,YELLOW,795887289,AREA 3,JATIM,MADIUN,KEDIRI,,,0,0,0,JAWA TIMUR,NGANJUK,REJOSO,REJOSO,NGANJUK
8499795990,,ODP-NJK-FAH/06,-7.561197,111.80575,,,3,5,0,0,8,REGIONAL 5,KEDIRI,NGANJUK,NJK,,,2024-03-16 23:26:58,2022-03-18,2022,3,NON TITO,,,JAWA TIMUR,0.625,YELLOW,1168924282,AREA 3,JATIM,MADIUN,KEDIRI,,,0,0,0,JAWA TIMUR,NGANJUK,WILANGAN,WILANGAN,NGANJUK
3211920824,,ODP-KTS-FD/52,-7.58212,112.074602,,,3,5,0,0,8,REGIONAL 5,KEDIRI,NGANJUK,KTS,,,2024-03-16 23:28:30,2019-01-01,2019,1,NON TITO,,,JAWA TIMUR,0.625,YELLOW,408765902,AREA 3,JATIM,MADIUN,KEDIRI,,,0,0,0,JAWA TIMUR,NGANJUK,BARON,KEMADUH,NGANJUK
8499795980,,ODP-NJK-FAH/02,-7.559498,111.805416,,,3,5,0,0,8,REGIONAL 5,KEDIRI,NGANJUK,NJK,,,2024-03-16 23:26:49,2022-03-18,2022,3,NON TITO,,,JAWA TIMUR,0.625,YELLOW,1168924266,AREA 3,JATIM,MADIUN,KEDIRI,,,0,0,0,JAWA TIMUR,NGANJUK,WILANGAN,WILANGAN,NGANJUK
8499795975,,ODP-NJK-FAH/03,-7.55918,111.802498,,,3,5,0,0,8,REGIONAL 5,KEDIRI,NGANJUK,NJK,,,2024-03-16 23:26:55,2022-03-18,2022,3,NON TITO,,,JAWA TIMUR,0.625,YELLOW,1168924261,AREA 3,JATIM,MADIUN,KEDIRI,,,0,0,0,JAWA TIMUR,NGANJUK,WILANGAN,WILANGAN,NGANJUK
3211920851,,ODP-KTS-FB/85,-7.512166,112.070544,,,3,5,0,0,8,REGIONAL 5,KEDIRI,NGANJUK,KTS,,,2024-03-16 23:28:15,2019-01-01,2019,1,NON TITO,,,JAWA TIMUR,0.625,YELLOW,408765918,AREA 3,JATIM,MADIUN,KEDIRI,,,0,0,0,JAWA TIMUR,NGANJUK,LENGKONG,NGRINGIN,NGANJUK
8499795970,,ODP-NJK-FAH/05,-7.560684,111.804686,,,2,6,0,0,8,REGIONAL 5,KEDIRI,NGANJUK,NJK,,,2024-03-16 23:26:52,2022-03-18,2022,3,NON TITO,,,JAWA TIMUR,0.75,YELLOW,1168924258,AREA 3,JATIM,MADIUN,KEDIRI,,,0,0,0,JAWA TIMUR,NGANJUK,WILANGAN,WILANGAN,NGANJUK
3211920871,,ODP-KTS-FD/45,-7.585925,112.055186,,,3,5,0,0,8,REGIONAL 5,KEDIRI,NGANJUK,KTS,,,2024-03-16 23:29:04,2019-01-01,2019,1,NON TITO,,,JAWA TIMUR,0.625,YELLOW,408765930,AREA 3,JATIM,MADIUN,KEDIRI,,,0,0,0,JAWA TIMUR,NGANJUK,BARON,KEMLOKOLEGI,NGANJUK
3211920876,,ODP-KTS-FD/43,-7.586436,112.057328,,,3,5,0,0,8,REGIONAL 5,KEDIRI,NGANJUK,KTS,,,2024-03-16 23:29:00,2019-01-01,2019,1,NON TITO,,,JAWA TIMUR,0.625,YELLOW,408765933,AREA 3,JATIM,MADIUN,KEDIRI,,,0,0,0,JAWA TIMUR,NGANJUK,BARON,KEMLOKOLEGI,NGANJUK
3211920893,,ODP-KTS-FB/89,-7.513996,112.077578,,,3,5,0,0,8,REGIONAL 5,KEDIRI,NGANJUK,KTS,,,2024-03-16 23:28:54,2019-01-01,2019,1,NON TITO,,,JAWA TIMUR,0.625,YELLOW,408765943,AREA 3,JATIM,MADIUN,KEDIRI,,,0,0,0,JAWA TIMUR,NGANJUK,LENGKONG,SAWAHAN,NGANJUK
12024568735,,ODP-NJK-FAB/124,-7.654511,111.889723,,,4,4,0,0,8,REGIONAL 5,KEDIRI,NGANJUK,NJK,,,2024-12-27 17:32:38,2024-12-26,2024,12,NON TITO,,,JAWA TIMUR,0.5,YELLOW,1495632818,AREA 3,JATIM,MADIUN,KEDIRI,,,0,0,0,JAWA TIMUR,NGANJUK,LOCERET,JATIREJO,NGANJUK
3211920903,,ODP-KTS-FB/91,-7.514132,112.081762,,,4,4,0,0,8,REGIONAL 5,KEDIRI,NGANJUK,KTS,,,2024-03-16 23:28:36,2019-01-01,2019,1,NON TITO,,,JAWA TIMUR,0.5,YELLOW,408765949,AREA 3,JATIM,MADIUN,KEDIRI,,,0,0,0,JAWA TIMUR,NGANJUK,LENGKONG,SAWAHAN,NGANJUK
3211920918,,ODP-KTS-FD/46,-7.584398,112.055502,,,3,5,0,0,8,REGIONAL 5,KEDIRI,NGANJUK,KTS,,,2024-03-16 23:28:37,2019-01-01,2019,1,NON TITO,,,JAWA TIMUR,0.625,YELLOW,408765958,AREA 3,JATIM,MADIUN,KEDIRI,,,0,0,0,JAWA TIMUR,NGANJUK,BARON,JEKEK,NGANJUK
3211920960,,ODP-KTS-FD/57,-7.577229,112.06028,,,2,6,0,0,8,REGIONAL 5,KEDIRI,NGANJUK,KTS,,,2024-03-16 23:28:30,2019-01-01,2019,1,NON TITO,,,JAWA TIMUR,0.75,YELLOW,408765973,AREA 3,JATIM,MADIUN,KEDIRI,,,0,0,0,JAWA TIMUR,NGANJUK,BARON,JEKEK,NGANJUK
3211920970,,ODP-KTS-FD/56,-7.57894,112.065959,,,2,6,0,0,8,REGIONAL 5,KEDIRI,NGANJUK,KTS,,,2024-03-16 23:28:57,2019-01-01,2019,1,NON TITO,,,JAWA TIMUR,0.75,YELLOW,408765976,AREA 3,JATIM,MADIUN,KEDIRI,,,0,0,0,JAWA TIMUR,NGANJUK,BARON,JEKEK,NGANJUK
3211920980,,ODP-KTS-FB/92,-7.51464,112.083785,,,5,11,0,0,16,REGIONAL 5,KEDIRI,NGANJUK,KTS,,,2024-03-16 23:28:57,2019-01-01,2019,1,NON TITO,,,JAWA TIMUR,0.6875,YELLOW,408765979,AREA 3,JATIM,MADIUN,KEDIRI,,,0,0,0,JAWA TIMUR,NGANJUK,LENGKONG,SAWAHAN,NGANJUK
8499795965,,ODP-NJK-FAH/07,-7.559611,111.80632,,,4,4,0,0,8,REGIONAL 5,KEDIRI,NGANJUK,NJK,,,2024-03-16 23:26:02,2022-03-18,2022,3,NON TITO,,,JAWA TIMUR,0.5,YELLOW,1168924240,AREA 3,JATIM,MADIUN,KEDIRI,,,0,0,0,JAWA TIMUR,NGANJUK,WILANGAN,WILANGAN,NGANJUK
8503168802,,ODP-NJK-FAB/45,-7.666967,111.916289,,,2,5,1,0,8,REGIONAL 5,KEDIRI,NGANJUK,NJK,,,2024-03-16 23:26:50,2022-03-18,2022,3,NON TITO,,,JAWA TIMUR,0.625,YELLOW,1168769479,AREA 3,JATIM,MADIUN,KEDIRI,,,0,0,0,JAWA TIMUR,NGANJUK,PACE,BABADAN,NGANJUK
3211921050,,ODP-KTS-FD/40,-7.588051,112.068772,,,4,4,0,0,8,REGIONAL 5,KEDIRI,NGANJUK,KTS,,,2024-03-16 23:28:58,2019-01-01,2019,1,NON TITO,,,JAWA TIMUR,0.5,YELLOW,408766001,AREA 3,JATIM,MADIUN,KEDIRI,,,0,0,0,JAWA TIMUR,NGANJUK,BARON,KEMLOKOLEGI,NGANJUK
3211921072,,ODP-KTS-FB/84,-7.5115,112.06922,,,2,6,0,0,8,REGIONAL 5,KEDIRI,NGANJUK,KTS,,,2024-03-16 23:29:08,2019-01-01,2019,1,NON TITO,,,JAWA TIMUR,0.75,YELLOW,408766008,AREA 3,JATIM,MADIUN,KEDIRI,,,0,0,0,JAWA TIMUR,NGANJUK,LENGKONG,NGRINGIN,NGANJUK
3211921092,,ODP-KTS-FD/50,-7.575843,112.076001,,,2,6,0,0,8,REGIONAL 5,KEDIRI,NGANJUK,KTS,,,2024-03-16 23:28:55,2019-01-01,2019,1,NON TITO,,,JAWA TIMUR,0.75,YELLOW,408766014,AREA 3,JATIM,MADIUN,KEDIRI,,,0,0,0,JAWA TIMUR,NGANJUK,BARON,GARU,NGANJUK
3211921102,,ODP-KTS-FD/36,-7.595479,112.067111,,,3,5,0,0,8,REGIONAL 5,KEDIRI,NGANJUK,KTS,,,2024-03-16 23:29:02,2019-01-01,2019,1,NON TITO,,,JAWA TIMUR,0.625,YELLOW,408766017,AREA 3,JATIM,MADIUN,KEDIRI,,,0,0,0,JAWA TIMUR,NGANJUK,BARON,KEMLOKOLEGI,NGANJUK
8502121123,,ODP-NJK-FAE/44,-7.590754,111.945686,,,2,6,0,0,8,REGIONAL 5,KEDIRI,NGANJUK,NJK,,,2024-03-16 23:26:50,2022-03-16,2022,3,NON TITO,,,JAWA TIMUR,0.75,YELLOW,1168754713,AREA 3,JATIM,MADIUN,KEDIRI,,,0,0,0,JAWA TIMUR,NGANJUK,SUKOMORO,NGRAMI,NGANJUK
8513744314,,ODP-NJK-FAF/34,-7.734002,111.765481,,,2,6,0,0,8,REGIONAL 5,KEDIRI,NGANJUK,NJK,,,2024-03-16 23:25:45,2022-03-16,2022,3,NON TITO,,,JAWA TIMUR,0.75,YELLOW,1168753996,AREA 3,JATIM,MADIUN,KEDIRI,,,0,0,0,JAWA TIMUR,NGANJUK,SAWAHAN,SAWAHAN,NGANJUK
3211249545,,ODP-KTS-FH/44,-7.605544,112.101091,,,2,6,0,0,8,REGIONAL 5,KEDIRI,NGANJUK,KTS,,,2024-03-16 23:25:09,2019-01-02,2019,1,NON TITO,,,JAWA TIMUR,0.75,YELLOW,408771708,AREA 3,JATIM,MADIUN,KEDIRI,,,0,0,0,JAWA TIMUR,NGANJUK,KERTOSONO,KEPUH,NGANJUK
8513744309,,ODP-NJK-FAF/35,-7.732747,111.768426,,,3,5,0,0,8,REGIONAL 5,KEDIRI,NGANJUK,NJK,,,2024-03-16 23:26:08,2022-03-16,2022,3,NON TITO,,,JAWA TIMUR,0.625,YELLOW,1168753993,AREA 3,JATIM,MADIUN,KEDIRI,,,0,0,0,JAWA TIMUR,NGANJUK,SAWAHAN,SAWAHAN,NGANJUK
4324543533,,ODP-KTS-FJ/39,-7.605557,112.109651,,,3,5,0,0,8,REGIONAL 5,KEDIRI,NGANJUK,KTS,,,2023-08-30 18:09:39,2019-11-20,2019,11,NON TITO,,,JAWA TIMUR,0.625,YELLOW,787189340,AREA 3,JATIM,MADIUN,KEDIRI,,,0,0,0,JAWA TIMUR,KEDIRI,PURWOASRI,MEKIKIS,NGANJUK
3211249581,,ODP-KTS-FH/41,-7.60254,112.103545,,,3,5,0,0,8,REGIONAL 5,KEDIRI,NGANJUK,KTS,,,2024-03-16 23:25:17,2019-01-02,2019,1,NON TITO,,,JAWA TIMUR,0.625,YELLOW,408771735,AREA 3,JATIM,MADIUN,KEDIRI,,,0,0,0,JAWA TIMUR,NGANJUK,KERTOSONO,KEPUH,NGANJUK
12023745062,,ODP-NJK-FAH/13,-7.560413,111.821496,,,2,6,0,0,8,REGIONAL 5,KEDIRI,NGANJUK,NJK,,,2024-12-27 17:32:45,2024-12-26,2024,12,NON TITO,,,JAWA TIMUR,0.75,YELLOW,1495633567,AREA 3,JATIM,MADIUN,KEDIRI,,,0,0,0,JAWA TIMUR,NGANJUK,WILANGAN,MANCON,NGANJUK
3211249615,,ODP-NJK-FP/30,-7.628803,111.902531,,,2,6,0,0,8,REGIONAL 5,KEDIRI,NGANJUK,NJK,,,2024-03-16 23:24:19,2019-01-02,2019,1,NON TITO,,,JAWA TIMUR,0.75,YELLOW,408771760,AREA 3,JATIM,MADIUN,KEDIRI,,,0,0,0,JAWA TIMUR,NGANJUK,LOCERET,SUKOREJO,NGANJUK
3211920764,,ODP-KTS-FD/49,-7.580269,112.058173,,,4,4,0,0,8,REGIONAL 5,KEDIRI,NGANJUK,KTS,,,2024-03-16 23:27:10,2019-01-01,2019,1,NON TITO,,,JAWA TIMUR,0.5,YELLOW,408765866,AREA 3,JATIM,MADIUN,KEDIRI,,,0,0,0,JAWA TIMUR,NGANJUK,BARON,JEKEK,NGANJUK
3211920734,,ODP-KTS-FB/98,-7.52796,112.08807,,,4,4,0,0,8,REGIONAL 5,KEDIRI,NGANJUK,KTS,,,2024-03-16 23:28:29,2019-01-01,2019,1,NON TITO,,,JAWA TIMUR,0.5,YELLOW,408765848,AREA 3,JATIM,MADIUN,KEDIRI,,,0,0,0,JAWA TIMUR,NGANJUK,LENGKONG,JEGREG,NGANJUK
8595343945,,ODP-WRJ-FA/93,-7.626752,112.036513,,,3,5,0,0,8,REGIONAL 5,KEDIRI,NGANJUK,WRJ,,,2024-03-16 23:23:30,2022-03-30,2022,3,NON TITO,,,JAWA TIMUR,0.625,YELLOW,1169695152,AREA 3,JATIM,MADIUN,KEDIRI,,,0,0,0,JAWA TIMUR,NGANJUK,TANJUNGANOM,JOGOMERTO,NGANJUK
3210798006,,ODP-KTS-FC/33,-7.562474,112.074302,,,4,4,0,0,8,REGIONAL 5,KEDIRI,NGANJUK,KTS,,,2024-03-16 23:26:17,2018-12-30,2018,12,NON TITO,,,JAWA TIMUR,0.5,YELLOW,408333402,AREA 3,JATIM,MADIUN,KEDIRI,,,0,0,0,JAWA TIMUR,NGANJUK,BARON,GARU,NGANJUK
8595343928,,ODP-WRJ-FA/97,-7.626343,112.027137,,,4,4,0,0,8,REGIONAL 5,KEDIRI,NGANJUK,WRJ,,,2024-03-16 23:23:28,2022-03-30,2022,3,NON TITO,,,JAWA TIMUR,0.5,YELLOW,1169695139,AREA 3,JATIM,MADIUN,KEDIRI,,,0,0,0,JAWA TIMUR,NGANJUK,TANJUNGANOM,TANJUNGANOM,NGANJUK
3210798021,,ODP-KTS-FC/45,-7.564382,112.080897,,,4,4,0,0,8,REGIONAL 5,KEDIRI,NGANJUK,KTS,,,2024-03-16 23:26:43,2018-12-30,2018,12,NON TITO,,,JAWA TIMUR,0.5,YELLOW,408333415,AREA 3,JATIM,MADIUN,KEDIRI,,,0,0,0,JAWA TIMUR,NGANJUK,BARON,GARU,NGANJUK
3210798026,,ODP-KTS-FC/44,-7.56549,112.080999,,,4,4,0,0,8,REGIONAL 5,KEDIRI,NGANJUK,KTS,,,2024-03-16 23:26:42,2018-12-30,2018,12,NON TITO,,,JAWA TIMUR,0.5,YELLOW,408333419,AREA 3,JATIM,MADIUN,KEDIRI,,,0,0,0,JAWA TIMUR,NGANJUK,BARON,GARU,NGANJUK
130659112,,ODP-NJK-FG/09,-7.6029,111.9104,,,7,8,0,0,16,REGIONAL 5,KEDIRI,NGANJUK,NJK,,,2024-03-16 23:27:16,2016-02-27,2016,2,NON TITO,,,JAWA TIMUR,0.5,YELLOW,7897023,AREA 3,JATIM,MADIUN,KEDIRI,,,0,0,0,JAWA TIMUR,NGANJUK,NGANJUK,GANUNG KIDUL,NGANJUK
8592194274,,ODP-NJK-FAA/45,-7.590404,111.889765,,,2,6,0,0,8,REGIONAL 5,KEDIRI,NGANJUK,NJK,,,2024-03-16 23:22:16,2022-03-29,2022,3,NON TITO,,,JAWA TIMUR,0.75,YELLOW,1169690952,AREA 3,JATIM,MADIUN,KEDIRI,,,0,0,0,JAWA TIMUR,NGANJUK,NGANJUK,RINGINANOM,NGANJUK
8592194269,,ODP-NJK-FAA/46,-7.580623,111.874591,,,3,5,0,0,8,REGIONAL 5,KEDIRI,NGANJUK,NJK,,,2024-03-16 23:28:53,2022-03-29,2022,3,NON TITO,,,JAWA TIMUR,0.625,YELLOW,1169690949,AREA 3,JATIM,MADIUN,KEDIRI,,,0,0,0,JAWA TIMUR,NGANJUK,BAGOR,KEREPKIDUL,NGANJUK
3210798046,,ODP-KTS-FC/38,-7.565642,112.07062,,,4,4,0,0,8,REGIONAL 5,KEDIRI,NGANJUK,KTS,,,2024-03-16 23:26:24,2018-12-30,2018,12,NON TITO,,,JAWA TIMUR,0.5,YELLOW,408333433,AREA 3,JATIM,MADIUN,KEDIRI,,,0,0,0,JAWA TIMUR,NGANJUK,BARON,GARU,NGANJUK
3210798051,,ODP-KTS-FC/35,-7.56468,112.071082,,,2,6,0,0,8,REGIONAL 5,KEDIRI,NGANJUK,KTS,,,2024-03-16 23:26:53,2018-12-30,2018,12,NON TITO,,,JAWA TIMUR,0.75,YELLOW,408333436,AREA 3,JATIM,MADIUN,KEDIRI,,,0,0,0,JAWA TIMUR,NGANJUK,BARON,GARU,NGANJUK
3210798056,,ODP-KTS-FC/37,-7.565002,112.067102,,,4,4,0,0,8,REGIONAL 5,KEDIRI,NGANJUK,KTS,,,2024-03-16 23:26:11,2018-12-30,2018,12,NON TITO,,,JAWA TIMUR,0.5,YELLOW,408333441,AREA 3,JATIM,MADIUN,KEDIRI,,,0,0,0,JAWA TIMUR,NGANJUK,BARON,GARU,NGANJUK
3210798061,,ODP-KTS-FC/28,-7.560267,112.07246,,,3,5,0,0,8,REGIONAL 5,KEDIRI,NGANJUK,KTS,,,2024-03-16 23:26:50,2018-12-30,2018,12,NON TITO,,,JAWA TIMUR,0.625,YELLOW,408333444,AREA 3,JATIM,MADIUN,KEDIRI,,,0,0,0,JAWA TIMUR,NGANJUK,BARON,GARU,NGANJUK
130659019,,ODP-NJK-FD/05,-7.6016,111.9018,,,7,9,0,0,16,REGIONAL 5,KEDIRI,NGANJUK,NJK,,,2024-03-16 23:27:17,2016-02-27,2016,2,NON TITO,,,JAWA TIMUR,0.5625,YELLOW,7896952,AREA 3,JATIM,MADIUN,KEDIRI,,,0,0,0,JAWA TIMUR,NGANJUK,NGANJUK,MANGUN DIKARAN,NGANJUK
130658685,,ODP-NJK-FCLC/12,-7.6032,111.8922,,,3,5,0,0,8,REGIONAL 5,KEDIRI,NGANJUK,NJK,,,2024-03-16 23:27:18,2016-02-27,2016,2,NON TITO,,,JAWA TIMUR,0.625,YELLOW,7896685,AREA 3,JATIM,MADIUN,KEDIRI,,,0,0,0,JAWA TIMUR,NGANJUK,NGANJUK,BOGO,NGANJUK
8557393888,,ODP-NJK-FAD/73,-7.60352,111.907195,,,4,4,0,0,8,REGIONAL 5,KEDIRI,NGANJUK,NJK,,,2024-03-16 23:23:56,2022-03-23,2022,3,NON TITO,,,JAWA TIMUR,0.5,YELLOW,1169324001,AREA 3,JATIM,MADIUN,KEDIRI,,,0,0,0,JAWA TIMUR,NGANJUK,NGANJUK,GANUNG KIDUL,NGANJUK
3210798096,,ODP-KTS-FC/51,-7.55511,112.080194,,,3,5,0,0,8,REGIONAL 5,KEDIRI,NGANJUK,KTS,,,2024-03-16 23:26:44,2018-12-30,2018,12,NON TITO,,,JAWA TIMUR,0.625,YELLOW,408333468,AREA 3,JATIM,MADIUN,KEDIRI,,,0,0,0,JAWA TIMUR,NGANJUK,BARON,GARU,NGANJUK
3210798111,,ODP-KTS-FC/40,-7.565236,112.072863,,,4,4,0,0,8,REGIONAL 5,KEDIRI,NGANJUK,KTS,,,2024-03-16 23:26:55,2018-12-30,2018,12,NON TITO,,,JAWA TIMUR,0.5,YELLOW,408333482,AREA 3,JATIM,MADIUN,KEDIRI,,,0,0,0,JAWA TIMUR,NGANJUK,BARON,GARU,NGANJUK
3210798116,,ODP-KTS-FC/54,-7.554866,112.079277,,,2,6,0,0,8,REGIONAL 5,KEDIRI,NGANJUK,KTS,,,2024-03-16 23:25:53,2018-12-30,2018,12,NON TITO,,,JAWA TIMUR,0.75,YELLOW,408333485,AREA 3,JATIM,MADIUN,KEDIRI,,,0,0,0,JAWA TIMUR,NGANJUK,BARON,GARU,NGANJUK
8550868654,,ODP-NJK-FP/38,-7.629772,111.895412,,,6,10,0,0,16,REGIONAL 5,KEDIRI,NGANJUK,NJK,,,2024-03-16 23:22:45,2022-03-22,2022,3,NON TITO,,,JAWA TIMUR,0.625,YELLOW,1169313260,AREA 3,JATIM,MADIUN,KEDIRI,,,0,0,0,JAWA TIMUR,NGANJUK,LOCERET,CANDIREJO,NGANJUK
3210798136,,ODP-KTS-FC/50,-7.555473,112.08185,,,3,5,0,0,8,REGIONAL 5,KEDIRI,NGANJUK,KTS,,,2024-03-16 23:26:55,2018-12-30,2018,12,NON TITO,,,JAWA TIMUR,0.625,YELLOW,408333498,AREA 3,JATIM,MADIUN,KEDIRI,,,0,0,0,JAWA TIMUR,NGANJUK,BARON,GARU,NGANJUK
3210798141,,ODP-KTS-FC/36,-7.563717,112.067476,,,3,5,0,0,8,REGIONAL 5,KEDIRI,NGANJUK,KTS,,,2024-03-16 23:26:56,2018-12-30,2018,12,NON TITO,,,JAWA TIMUR,0.625,YELLOW,408333501,AREA 3,JATIM,MADIUN,KEDIRI,,,0,0,0,JAWA TIMUR,NGANJUK,BARON,GARU,NGANJUK
3210798146,,ODP-KTS-FC/39,-7.566556,112.072039,,,3,5,0,0,8,REGIONAL 5,KEDIRI,NGANJUK,KTS,,,2024-03-16 23:26:55,2018-12-30,2018,12,NON TITO,,,JAWA TIMUR,0.625,YELLOW,408333504,AREA 3,JATIM,MADIUN,KEDIRI,,,0,0,0,JAWA TIMUR,NGANJUK,BARON,GARU,NGANJUK
8550493645,,ODP-KTS-FC/63,-7.569411,112.071547,,,4,4,0,0,8,REGIONAL 5,KEDIRI,NGANJUK,KTS,,,2024-03-16 23:26:30,2022-03-22,2022,3,NON TITO,,,JAWA TIMUR,0.5,YELLOW,1169310149,AREA 3,JATIM,MADIUN,KEDIRI,,,0,0,0,JAWA TIMUR,NGANJUK,BARON,GARU,NGANJUK
130658532,,ODP-NJK-FCLC/06,-7.6062,111.888,,,3,5,0,0,8,REGIONAL 5,KEDIRI,NGANJUK,NJK,,,2024-03-16 23:27:11,2016-02-27,2016,2,NON TITO,,,JAWA TIMUR,0.625,YELLOW,7896566,AREA 3,JATIM,MADIUN,KEDIRI,,,0,0,0,JAWA TIMUR,NGANJUK,NGANJUK,CANGKRIMAN,NGANJUK
3211920719,,ODP-KTS-FB/83,-7.51115,112.06707,,,3,5,0,0,8,REGIONAL 5,KEDIRI,NGANJUK,KTS,,,2024-03-16 23:27:48,2019-01-01,2019,1,NON TITO,,,JAWA TIMUR,0.625,YELLOW,408765839,AREA 3,JATIM,MADIUN,KEDIRI,,,0,0,0,JAWA TIMUR,NGANJUK,LENGKONG,NGRINGIN,NGANJUK
3211920724,,ODP-KTS-FB/97,-7.530123,112.087353,,,4,4,0,0,8,REGIONAL 5,KEDIRI,NGANJUK,KTS,,,2024-03-16 23:28:53,2019-01-01,2019,1,NON TITO,,,JAWA TIMUR,0.5,YELLOW,408765842,AREA 3,JATIM,MADIUN,KEDIRI,,,0,0,0,JAWA TIMUR,NGANJUK,LENGKONG,JEGREG,NGANJUK
3211920729,,ODP-KTS-FB/103,-7.534624,112.07621,,,4,4,0,0,8,REGIONAL 5,KEDIRI,NGANJUK,KTS,,,2024-03-16 23:28:59,2019-01-01,2019,1,NON TITO,,,JAWA TIMUR,0.5,YELLOW,408765845,AREA 3,JATIM,MADIUN,KEDIRI,,,0,0,0,JAWA TIMUR,NGANJUK,LENGKONG,LENGKONG,NGANJUK
3211920739,,ODP-KTS-FB/94,-7.516858,112.084895,,,3,5,0,0,8,REGIONAL 5,KEDIRI,NGANJUK,KTS,,,2024-03-16 23:28:52,2019-01-01,2019,1,NON TITO,,,JAWA TIMUR,0.625,YELLOW,408765851,AREA 3,JATIM,MADIUN,KEDIRI,,,0,0,0,JAWA TIMUR,NGANJUK,LENGKONG,SAWAHAN,NGANJUK
8814419380,,ODP-NJK-FAB/72,-7.662948,111.891876,,,2,6,0,0,8,REGIONAL 5,KEDIRI,NGANJUK,NJK,,,2024-03-16 23:26:57,2022-06-06,2022,6,NON TITO,,,JAWA TIMUR,0.75,YELLOW,1183390453,AREA 3,JATIM,MADIUN,KEDIRI,,,0,0,0,JAWA TIMUR,NGANJUK,LOCERET,NGEPEH,NGANJUK
3211249634,,ODP-NJK-FP/33,-7.628548,111.896185,,,2,6,0,0,8,REGIONAL 5,KEDIRI,NGANJUK,NJK,,,2024-03-16 23:25:05,2019-01-02,2019,1,NON TITO,,,JAWA TIMUR,0.75,YELLOW,408771779,AREA 3,JATIM,MADIUN,KEDIRI,,,0,0,0,JAWA TIMUR,NGANJUK,LOCERET,SUKOREJO,NGANJUK
4324543543,,ODP-KTS-FJ/38,-7.602811,112.110396,,,2,6,0,0,8,REGIONAL 5,KEDIRI,NGANJUK,KTS,,,2023-08-30 18:10:39,2019-11-20,2019,11,NON TITO,,,JAWA TIMUR,0.75,YELLOW,787189343,AREA 3,JATIM,MADIUN,KEDIRI,,,0,0,0,JAWA TIMUR,KEDIRI,PURWOASRI,MEKIKIS,NGANJUK
130638347,,ODP-NJK-FA/02,-7.5997,111.9094,,,4,4,0,0,8,REGIONAL 5,KEDIRI,NGANJUK,NJK,,,2024-03-16 23:22:41,2016-02-27,2016,2,NON TITO,,,JAWA TIMUR,0.5,YELLOW,7877171,AREA 3,JATIM,MADIUN,KEDIRI,,,0,0,0,JAWA TIMUR,NGANJUK,NGANJUK,MANGUN DIKARAN,NGANJUK
3243868935,,ODP-NJK-FAD/41,-7.613387,111.90599,,,2,6,0,0,8,REGIONAL 5,KEDIRI,NGANJUK,NJK,,,2024-03-16 23:25:20,2019-01-08,2019,1,NON TITO,,,JAWA TIMUR,0.75,YELLOW,441387706,AREA 3,JATIM,MADIUN,KEDIRI,,,0,0,0,JAWA TIMUR,NGANJUK,NGANJUK,PAYAMAN,NGANJUK
3243868940,,ODP-NJK-FAD/44,-7.611325,111.904218,,,2,6,0,0,8,REGIONAL 5,KEDIRI,NGANJUK,NJK,,,2024-03-16 23:24:41,2019-01-08,2019,1,NON TITO,,,JAWA TIMUR,0.75,YELLOW,441387709,AREA 3,JATIM,MADIUN,KEDIRI,,,0,0,0,JAWA TIMUR,NGANJUK,NGANJUK,PAYAMAN,NGANJUK
3243869110,,ODP-NJK-FAD/34,-7.618398,111.905273,,,4,4,0,0,8,REGIONAL 5,KEDIRI,NGANJUK,NJK,,,2024-03-16 23:24:52,2019-01-08,2019,1,NON TITO,,,JAWA TIMUR,0.5,YELLOW,441387880,AREA 3,JATIM,MADIUN,KEDIRI,,,0,0,0,JAWA TIMUR,NGANJUK,LOCERET,TANJUNGREJO,NGANJUK
4350945262,,ODP-PRB-FB/54,-7.695738,112.07485,,,3,5,0,0,8,REGIONAL 5,KEDIRI,NGANJUK,PRB,,,2023-08-30 18:11:24,2019-11-30,2019,11,NON TITO,,,JAWA TIMUR,0.625,YELLOW,787679199,AREA 3,JATIM,MADIUN,KEDIRI,,,0,0,0,JAWA TIMUR,NGANJUK,NGRONGGOT,KELUTAN,NGANJUK
3243869120,,ODP-NJK-FAD/40,-7.614078,111.904082,,,2,6,0,0,8,REGIONAL 5,KEDIRI,NGANJUK,NJK,,,2024-03-16 23:24:48,2019-01-08,2019,1,NON TITO,,,JAWA TIMUR,0.75,YELLOW,441387905,AREA 3,JATIM,MADIUN,KEDIRI,,,0,0,0,JAWA TIMUR,NGANJUK,NGANJUK,PLOSO,NGANJUK
8482168949,,ODP-KTS-FJ/51,-7.63414,112.103299,,,3,5,0,0,8,REGIONAL 5,KEDIRI,NGANJUK,KTS,,,2024-03-16 23:24:53,2022-03-02,2022,3,NON TITO,,,JAWA TIMUR,0.625,YELLOW,1168329729,AREA 3,JATIM,MADIUN,KEDIRI,,,0,0,0,JAWA TIMUR,KEDIRI,PURWOASRI,PURWODADI,NGANJUK
3243869247,,ODP-NJK-FAD/39,-7.61372,111.901718,,,4,4,0,0,8,REGIONAL 5,KEDIRI,NGANJUK,NJK,,,2024-03-16 23:21:07,2019-01-08,2019,1,NON TITO,,,JAWA TIMUR,0.5,YELLOW,441388057,AREA 3,JATIM,MADIUN,KEDIRI,,,0,0,0,JAWA TIMUR,NGANJUK,NGANJUK,PLOSO,NGANJUK
130637288,,ODP-NJK-FA/03,-7.5997,111.9078,,,3,4,0,0,8,REGIONAL 5,KEDIRI,NGANJUK,NJK,,,2024-03-16 23:22:24,2016-02-27,2016,2,NON TITO,,,JAWA TIMUR,0.5,YELLOW,7876134,AREA 3,JATIM,MADIUN,KEDIRI,,,0,0,0,JAWA TIMUR,NGANJUK,NGANJUK,MANGUN DIKARAN,NGANJUK
8453599422,,ODP-NJK-FAB/42,-7.64159,111.899757,,,4,4,0,0,8,REGIONAL 5,KEDIRI,NGANJUK,NJK,,,2024-03-16 23:22:16,2022-03-02,2022,3,NON TITO,,,JAWA TIMUR,0.5,YELLOW,1168329067,AREA 3,JATIM,MADIUN,KEDIRI,,,0,0,0,JAWA TIMUR,NGANJUK,LOCERET,KWAGEAN,NGANJUK
8477818851,,ODP-GDN-FA/44,-7.506704,111.956558,,,4,4,0,0,8,REGIONAL 5,KEDIRI,NGANJUK,GON,GONDANG,,2024-03-16 23:26:10,2022-03-01,2022,3,NON TITO,,,JAWA TIMUR,0.5,YELLOW,1168325354,AREA 3,JATIM,MADIUN,KEDIRI,,,0,0,0,JAWA TIMUR,NGANJUK,GONDANG,SENGGOWAR,NGANJUK
3243869629,,ODP-NJK-FAD/38,-7.614226,111.90182,,,4,4,0,0,8,REGIONAL 5,KEDIRI,NGANJUK,NJK,,,2024-03-16 23:25:23,2019-01-08,2019,1,NON TITO,,,JAWA TIMUR,0.5,YELLOW,441388555,AREA 3,JATIM,MADIUN,KEDIRI,,,0,0,0,JAWA TIMUR,NGANJUK,NGANJUK,PLOSO,NGANJUK
3243869634,,ODP-NJK-FAD/36,-7.614759,111.904607,,,4,4,0,0,8,REGIONAL 5,KEDIRI,NGANJUK,NJK,,,2024-03-16 23:25:32,2019-01-08,2019,1,NON TITO,,,JAWA TIMUR,0.5,YELLOW,441388562,AREA 3,JATIM,MADIUN,KEDIRI,,,0,0,0,JAWA TIMUR,NGANJUK,NGANJUK,PAYAMAN,NGANJUK
3243869757,,ODP-NJK-FAD/33,-7.617935,111.902524,,,4,4,0,0,8,REGIONAL 5,KEDIRI,NGANJUK,NJK,,,2024-03-16 23:25:12,2019-01-08,2019,1,NON TITO,,,JAWA TIMUR,0.5,YELLOW,441388692,AREA 3,JATIM,MADIUN,KEDIRI,,,0,0,0,JAWA TIMUR,NGANJUK,LOCERET,TANJUNGREJO,NGANJUK
3249793870,,ODP-NJK-FV/51,-7.606136,111.910108,,,4,4,0,0,8,REGIONAL 5,KEDIRI,NGANJUK,NJK,,,2024-03-16 23:24:45,2019-01-09,2019,1,NON TITO,,,JAWA TIMUR,0.5,YELLOW,448137587,AREA 3,JATIM,MADIUN,KEDIRI,,,0,0,0,JAWA TIMUR,NGANJUK,NGANJUK,GANUNG KIDUL,NGANJUK
8474818896,,ODP-NJK-FY/72,-7.561588,111.845211,,,3,5,0,0,8,REGIONAL 5,KEDIRI,NGANJUK,NJK,,,2024-03-16 23:29:06,2022-03-02,2022,3,NON TITO,,,JAWA TIMUR,0.625,YELLOW,1167795728,AREA 3,JATIM,MADIUN,KEDIRI,,,0,0,0,JAWA TIMUR,NGANJUK,WILANGAN,NGUDIKAN,NGANJUK
3249794015,,ODP-NJK-FV/48,-7.60916,111.908696,,,2,6,0,0,8,REGIONAL 5,KEDIRI,NGANJUK,NJK,,,2024-03-16 23:24:45,2019-01-09,2019,1,NON TITO,,,JAWA TIMUR,0.75,YELLOW,448137674,AREA 3,JATIM,MADIUN,KEDIRI,,,0,0,0,JAWA TIMUR,NGANJUK,NGANJUK,GANUNG KIDUL,NGANJUK
8453905656,,ODP-KTS-FK/53,-7.554011,112.113652,,,2,6,0,0,8,REGIONAL 5,KEDIRI,NGANJUK,KTS,,,2024-03-16 23:24:50,2022-02-23,2022,2,NON TITO,,,JAWA TIMUR,0.75,YELLOW,1166546189,AREA 3,JATIM,MADIUN,KEDIRI,,,0,0,0,JAWA TIMUR,NGANJUK,PATIANROWO,PATIANROWO,NGANJUK
3249794388,,ODP-NJK-FV/54,-7.610466,111.912578,,,2,6,0,0,8,REGIONAL 5,KEDIRI,NGANJUK,NJK,,,2024-03-16 23:24:39,2019-01-09,2019,1,NON TITO,,,JAWA TIMUR,0.75,YELLOW,448137861,AREA 3,JATIM,MADIUN,KEDIRI,,,0,0,0,JAWA TIMUR,NGANJUK,NGANJUK,KRAMAT,NGANJUK
3249794904,,ODP-NJK-FV/52,-7.607168,111.911391,,,3,5,0,0,8,REGIONAL 5,KEDIRI,NGANJUK,NJK,,,2024-03-16 23:24:51,2019-01-09,2019,1,NON TITO,,,JAWA TIMUR,0.625,YELLOW,448138025,AREA 3,JATIM,MADIUN,KEDIRI,,,0,0,0,JAWA TIMUR,NGANJUK,NGANJUK,GANUNG KIDUL,NGANJUK
3249795100,,ODP-NJK-FV/49,-7.608066,111.908289,,,3,5,0,0,8,REGIONAL 5,KEDIRI,NGANJUK,NJK,,,2024-03-16 23:25:11,2019-01-09,2019,1,NON TITO,,,JAWA TIMUR,0.625,YELLOW,448138094,AREA 3,JATIM,MADIUN,KEDIRI,,,0,0,0,JAWA TIMUR,NGANJUK,NGANJUK,GANUNG KIDUL,NGANJUK
8453905651,,ODP-KTS-FK/52,-7.553298,112.109701,,,4,4,0,0,8,REGIONAL 5,KEDIRI,NGANJUK,KTS,,,2024-03-16 23:24:41,2022-02-23,2022,2,NON TITO,,,JAWA TIMUR,0.5,YELLOW,1166546186,AREA 3,JATIM,MADIUN,KEDIRI,,,0,0,0,JAWA TIMUR,NGANJUK,PATIANROWO,PATIANROWO,NGANJUK
130637185,,ODP-NJK-FA/01,-7.5997,111.9103,,,3,5,0,0,8,REGIONAL 5,KEDIRI,NGANJUK,NJK,,,2024-03-16 23:21:54,2016-02-27,2016,2,NON TITO,,,JAWA TIMUR,0.625,YELLOW,7876036,AREA 3,JATIM,MADIUN,KEDIRI,,,0,0,0,JAWA TIMUR,NGANJUK,NGANJUK,MANGUN DIKARAN,NGANJUK
130593189,,ODP-NJK-FCLC/07,-7.6055,111.8881,,,2,6,0,0,8,REGIONAL 5,KEDIRI,NGANJUK,NJK,,,2024-03-16 23:27:14,2016-02-27,2016,2,NON TITO,,,JAWA TIMUR,0.75,YELLOW,7828402,AREA 3,JATIM,MADIUN,KEDIRI,,,0,0,0,JAWA TIMUR,NGANJUK,NGANJUK,CANGKRIMAN,NGANJUK
3236446083,,ODP-NJK-FZ/40,-7.550899,111.859512,,,2,6,0,0,8,REGIONAL 5,KEDIRI,NGANJUK,NJK,,,2024-03-16 23:28:27,2019-01-11,2019,1,NON TITO,,,JAWA TIMUR,0.75,YELLOW,448223712,AREA 3,JATIM,MADIUN,KEDIRI,,,0,0,0,JAWA TIMUR,NGANJUK,WILANGAN,SOKOHARJO,NGANJUK
8461318800,,ODP-KTS-FL/18,-7.648657,112.088441,,,4,4,0,0,8,REGIONAL 5,KEDIRI,NGANJUK,KTS,,,2024-03-16 23:27:24,2022-02-22,2022,2,NON TITO,,,JAWA TIMUR,0.5,YELLOW,1166541180,AREA 3,JATIM,MADIUN,KEDIRI,,,0,0,0,JAWA TIMUR,NGANJUK,NGRONGGOT,TRAYANG,NGANJUK
3236446345,,ODP-NJK-FZ/34,-7.556288,111.860825,,,2,6,0,0,8,REGIONAL 5,KEDIRI,NGANJUK,NJK,,,2024-03-16 23:27:24,2019-01-11,2019,1,NON TITO,,,JAWA TIMUR,0.75,YELLOW,448223792,AREA 3,JATIM,MADIUN,KEDIRI,,,0,0,0,JAWA TIMUR,NGANJUK,BAGOR,BANARAN KULON,NGANJUK
3207497155,,ODP-NJK-FC/48,-7.613578,111.898282,,,4,4,0,0,8,REGIONAL 5,KEDIRI,NGANJUK,NJK,,,2024-03-16 23:28:07,2019-01-02,2019,1,NON TITO,,,JAWA TIMUR,0.5,YELLOW,422937916,AREA 3,JATIM,MADIUN,KEDIRI,,,0,0,0,JAWA TIMUR,NGANJUK,NGANJUK,PLOSO,NGANJUK
3211249647,,ODP-KTS-FJ/26,-7.591149,112.115073,,,3,5,0,0,8,REGIONAL 5,KEDIRI,NGANJUK,KTS,,,2024-03-16 23:24:27,2019-01-02,2019,1,NON TITO,,,JAWA TIMUR,0.625,YELLOW,408771788,AREA 3,JATIM,MADIUN,KEDIRI,,,0,0,0,JAWA TIMUR,JOMBANG,BANDARKEDUNGMULYO,BANDARKEDUNGMULYO,NGANJUK
8482168964,,ODP-KTS-FJ/62,-7.601382,112.112875,,,2,6,0,0,8,REGIONAL 5,KEDIRI,NGANJUK,KTS,,,2024-03-16 23:24:38,2022-03-02,2022,3,NON TITO,,,JAWA TIMUR,0.75,YELLOW,1168329740,AREA 3,JATIM,MADIUN,KEDIRI,,,0,0,0,JAWA TIMUR,KEDIRI,PURWOASRI,MEKIKIS,NGANJUK
4350945140,,ODP-PRB-FA/31,-7.714409,112.023208,,,2,6,0,0,8,REGIONAL 5,KEDIRI,NGANJUK,PRB,,,2023-08-30 18:01:04,2019-11-30,2019,11,NON TITO,,,JAWA TIMUR,0.75,YELLOW,787678505,AREA 3,JATIM,MADIUN,KEDIRI,,,0,0,0,JAWA TIMUR,NGANJUK,PRAMBON,TANJUNG TANI,NGANJUK
8500019457,,ODP-NJK-FU/51,-7.600821,111.888996,,,2,6,0,0,8,REGIONAL 5,KEDIRI,NGANJUK,NJK,,,2024-03-16 23:25:18,2022-03-14,2022,3,NON TITO,,,JAWA TIMUR,0.75,YELLOW,1168737142,AREA 3,JATIM,MADIUN,KEDIRI,,,0,0,0,JAWA TIMUR,NGANJUK,NGANJUK,CANGKRIMAN,NGANJUK
3211249732,,ODP-KTS-FH/45,-7.605591,112.102339,,,2,6,0,0,8,REGIONAL 5,KEDIRI,NGANJUK,KTS,,,2024-03-16 23:25:05,2019-01-02,2019,1,NON TITO,,,JAWA TIMUR,0.75,YELLOW,408771861,AREA 3,JATIM,MADIUN,KEDIRI,,,0,0,0,JAWA TIMUR,NGANJUK,KERTOSONO,KEPUH,NGANJUK
4322593652,,ODP-KTS-FK/37,-7.577687,112.112515,,,2,6,0,0,8,REGIONAL 5,KEDIRI,NGANJUK,KTS,,,2023-08-30 18:08:49,2019-11-20,2019,11,NON TITO,,,JAWA TIMUR,0.75,YELLOW,787194182,AREA 3,JATIM,MADIUN,KEDIRI,,,0,0,0,JAWA TIMUR,NGANJUK,PATIANROWO,LESTARI,NGANJUK
3211249791,,ODP-KTS-FH/42,-7.603001,112.103366,,,3,5,0,0,8,REGIONAL 5,KEDIRI,NGANJUK,KTS,,,2024-03-16 23:25:17,2019-01-02,2019,1,NON TITO,,,JAWA TIMUR,0.625,YELLOW,408771901,AREA 3,JATIM,MADIUN,KEDIRI,,,0,0,0,JAWA TIMUR,NGANJUK,KERTOSONO,KEPUH,NGANJUK
3211249801,,ODP-NJK-FP/32,-7.629339,111.898683,,,3,5,0,0,8,REGIONAL 5,KEDIRI,NGANJUK,NJK,,,2024-03-16 23:24:51,2019-01-02,2019,1,NON TITO,,,JAWA TIMUR,0.625,YELLOW,408771911,AREA 3,JATIM,MADIUN,KEDIRI,,,0,0,0,JAWA TIMUR,NGANJUK,LOCERET,SUKOREJO,NGANJUK
8504743869,,ODP-NJK-FS/98,-7.686183,111.929216,,,2,6,0,0,8,REGIONAL 5,KEDIRI,NGANJUK,NJK,,,2024-03-16 23:27:26,2022-03-14,2022,3,NON TITO,,,JAWA TIMUR,0.75,YELLOW,1168736859,AREA 3,JATIM,MADIUN,KEDIRI,,,0,0,0,JAWA TIMUR,NGANJUK,PACE,PACEKULON,NGANJUK
8498970392,,ODP-NJK-FS/96,-7.682749,111.930946,,,2,6,0,0,8,REGIONAL 5,KEDIRI,NGANJUK,NJK,,,2024-03-16 23:25:13,2022-03-14,2022,3,NON TITO,,,JAWA TIMUR,0.75,YELLOW,1168734069,AREA 3,JATIM,MADIUN,KEDIRI,,,0,0,0,JAWA TIMUR,NGANJUK,PACE,PACE WETAN,NGANJUK
8507968598,,ODP-NJK-FAD/60,-7.614037,111.912952,,,3,5,0,0,8,REGIONAL 5,KEDIRI,NGANJUK,NJK,,,2024-03-16 23:23:22,2022-03-10,2022,3,NON TITO,,,JAWA TIMUR,0.625,YELLOW,1168709719,AREA 3,JATIM,MADIUN,KEDIRI,,,0,0,0,JAWA TIMUR,NGANJUK,NGANJUK,KRAMAT,NGANJUK
3211921035,,ODP-KTS-FD/37,-7.589978,112.073015,,,2,6,0,0,8,REGIONAL 5,KEDIRI,NGANJUK,KTS,,,2024-03-16 23:28:23,2019-01-01,2019,1,NON TITO,,,JAWA TIMUR,0.75,YELLOW,411615432,AREA 3,JATIM,MADIUN,KEDIRI,,,0,0,0,JAWA TIMUR,NGANJUK,BARON,KEMADUH,NGANJUK
3211921055,,ODP-KTS-FD/38,-7.589668,112.071923,,,3,5,0,0,8,REGIONAL 5,KEDIRI,NGANJUK,KTS,,,2024-03-16 23:29:00,2019-01-01,2019,1,NON TITO,,,JAWA TIMUR,0.625,YELLOW,411615439,AREA 3,JATIM,MADIUN,KEDIRI,,,0,0,0,JAWA TIMUR,NGANJUK,BARON,KEMADUH,NGANJUK
3211921067,,ODP-KTS-FB/86,-7.512796,112.072331,,,4,4,0,0,8,REGIONAL 5,KEDIRI,NGANJUK,KTS,,,2024-03-16 23:29:04,2019-01-01,2019,1,NON TITO,,,JAWA TIMUR,0.5,YELLOW,411615442,AREA 3,JATIM,MADIUN,KEDIRI,,,0,0,0,JAWA TIMUR,NGANJUK,LENGKONG,NGRINGIN,NGANJUK
8508118761,,ODP-NJK-FAB/44,-7.640682,111.912845,,,2,6,0,0,8,REGIONAL 5,KEDIRI,NGANJUK,NJK,,,2024-03-16 23:27:09,2022-03-10,2022,3,NON TITO,,,JAWA TIMUR,0.75,YELLOW,1168706976,AREA 3,JATIM,MADIUN,KEDIRI,,,0,0,0,JAWA TIMUR,NGANJUK,LOCERET,SEKARAN,NGANJUK
3211921129,,ODP-KTS-FB/88,-7.513906,112.076139,,,3,5,0,0,8,REGIONAL 5,KEDIRI,NGANJUK,KTS,,,2024-03-16 23:22:34,2019-01-01,2019,1,NON TITO,,,JAWA TIMUR,0.625,YELLOW,411615462,AREA 3,JATIM,MADIUN,KEDIRI,,,0,0,0,JAWA TIMUR,NGANJUK,LENGKONG,SAWAHAN,NGANJUK
3211249535,,ODP-KTS-FJ/29,-7.594065,112.113849,,,4,4,0,0,8,REGIONAL 5,KEDIRI,NGANJUK,KTS,,,2024-03-16 23:25:04,2019-01-02,2019,1,NON TITO,,,JAWA TIMUR,0.5,YELLOW,414537305,AREA 3,JATIM,MADIUN,KEDIRI,,,0,0,0,JAWA TIMUR,JOMBANG,BANDARKEDUNGMULYO,BANDARKEDUNGMULYO,NGANJUK
3211249550,,ODP-KTS-FH/43,-7.604234,112.102882,,,8,8,0,0,16,REGIONAL 5,KEDIRI,NGANJUK,KTS,,,2024-03-16 23:25:09,2019-01-02,2019,1,NON TITO,,,JAWA TIMUR,0.5,YELLOW,414537316,AREA 3,JATIM,MADIUN,KEDIRI,,,0,0,0,JAWA TIMUR,NGANJUK,KERTOSONO,KEPUH,NGANJUK
3211249621,,ODP-KTS-FJ/31,-7.599803,112.113868,,,4,4,0,0,8,REGIONAL 5,KEDIRI,NGANJUK,KTS,,,2024-03-16 23:24:38,2019-01-02,2019,1,NON TITO,,,JAWA TIMUR,0.5,YELLOW,414537355,AREA 3,JATIM,MADIUN,KEDIRI,,,0,0,0,JAWA TIMUR,KEDIRI,PURWOASRI,MEKIKIS,NGANJUK
4343819011,,ODP-NJK-FG/60,-7.60077,111.90635,,,4,4,0,0,8,REGIONAL 5,KEDIRI,NGANJUK,NJK,,,2023-08-30 18:10:01,2019-11-27,2019,11,NON TITO,,,JAWA TIMUR,0.5,YELLOW,787532227,AREA 3,JATIM,MADIUN,KEDIRI,,,0,0,0,JAWA TIMUR,NGANJUK,NGANJUK,MANGUN DIKARAN,NGANJUK
3211249657,,ODP-KTS-FJ/30,-7.598106,112.114563,,,4,4,0,0,8,REGIONAL 5,KEDIRI,NGANJUK,KTS,,,2024-03-16 23:24:38,2019-01-02,2019,1,NON TITO,,,JAWA TIMUR,0.5,YELLOW,414537383,AREA 3,JATIM,MADIUN,KEDIRI,,,0,0,0,JAWA TIMUR,JOMBANG,BANDARKEDUNGMULYO,BANDARKEDUNGMULYO,NGANJUK
3211249685,,ODP-KTS-FH/47,-7.60858,112.101183,,,4,4,0,0,8,REGIONAL 5,KEDIRI,NGANJUK,KTS,,,2024-03-16 23:24:45,2019-01-02,2019,1,NON TITO,,,JAWA TIMUR,0.5,YELLOW,414537392,AREA 3,JATIM,MADIUN,KEDIRI,,,0,0,0,JAWA TIMUR,NGANJUK,KERTOSONO,KEPUH,NGANJUK
8492893776,,ODP-KTS-FH/61,-7.610296,112.100272,,,2,6,0,0,8,REGIONAL 5,KEDIRI,NGANJUK,KTS,,,2024-03-16 23:29:01,2022-03-07,2022,3,NON TITO,,,JAWA TIMUR,0.75,YELLOW,1168364307,AREA 3,JATIM,MADIUN,KEDIRI,,,0,0,0,JAWA TIMUR,NGANJUK,KERTOSONO,KEPUH,NGANJUK
3211249749,,ODP-KTS-FJ/28,-7.59292,112.11362,,,3,5,0,0,8,REGIONAL 5,KEDIRI,NGANJUK,KTS,,,2024-03-16 23:25:03,2019-01-02,2019,1,NON TITO,,,JAWA TIMUR,0.625,YELLOW,414537426,AREA 3,JATIM,MADIUN,KEDIRI,,,0,0,0,JAWA TIMUR,JOMBANG,BANDARKEDUNGMULYO,BANDARKEDUNGMULYO,NGANJUK
8477819543,,ODP-WRJ-FH/93,-7.625589,112.012133,,,4,4,0,0,8,REGIONAL 5,KEDIRI,NGANJUK,WRJ,,,2024-03-16 23:25:19,2022-03-07,2022,3,NON TITO,,,JAWA TIMUR,0.5,YELLOW,1168362674,AREA 3,JATIM,MADIUN,KEDIRI,,,0,0,0,JAWA TIMUR,NGANJUK,TANJUNGANOM,SIDOHARJO,NGANJUK
3207496333,,ODP-NJK-FC/46,-7.612132,111.899011,,,4,4,0,0,8,REGIONAL 5,KEDIRI,NGANJUK,NJK,,,2024-03-16 23:28:21,2019-01-02,2019,1,NON TITO,,,JAWA TIMUR,0.5,YELLOW,422937364,AREA 3,JATIM,MADIUN,KEDIRI,,,0,0,0,JAWA TIMUR,NGANJUK,NGANJUK,KARTOHARJO,NGANJUK
130644793,,ODP-NJK-FF/03,-7.609383,111.909611,,,2,6,0,0,8,REGIONAL 5,KEDIRI,NGANJUK,NJK,,,2024-03-16 23:24:12,2016-02-27,2016,2,NON TITO,,,JAWA TIMUR,0.75,YELLOW,7883561,AREA 3,JATIM,MADIUN,KEDIRI,,,0,0,0,JAWA TIMUR,NGANJUK,NGANJUK,GANUNG KIDUL,NGANJUK
130643541,,ODP-NJK-FCLC/01,-7.6019,111.8889,,,1,6,0,0,8,REGIONAL 5,KEDIRI,NGANJUK,NJK,,,2024-03-16 23:23:54,2016-02-27,2016,2,NON TITO,,,JAWA TIMUR,0.75,YELLOW,7882316,AREA 3,JATIM,MADIUN,KEDIRI,,,0,0,0,JAWA TIMUR,NGANJUK,NGANJUK,CANGKRIMAN,NGANJUK
3207496805,,ODP-NJK-FC/49,-7.615368,111.898017,,,3,5,0,0,8,REGIONAL 5,KEDIRI,NGANJUK,NJK,,,2024-03-16 23:27:41,2019-01-02,2019,1,NON TITO,,,JAWA TIMUR,0.625,YELLOW,422937691,AREA 3,JATIM,MADIUN,KEDIRI,,,0,0,0,JAWA TIMUR,NGANJUK,NGANJUK,PLOSO,NGANJUK
8482168969,,ODP-KTS-FJ/59,-7.614626,112.10752,,,3,5,0,0,8,REGIONAL 5,KEDIRI,NGANJUK,KTS,,,2024-03-16 23:24:49,2022-03-02,2022,3,NON TITO,,,JAWA TIMUR,0.625,YELLOW,1168329743,AREA 3,JATIM,MADIUN,KEDIRI,,,0,0,0,JAWA TIMUR,KEDIRI,PURWOASRI,MEKIKIS,NGANJUK
3207497145,,ODP-NJK-FC/50,-7.616307,111.898308,,,3,5,0,0,8,REGIONAL 5,KEDIRI,NGANJUK,NJK,,,2024-03-16 23:28:27,2019-01-02,2019,1,NON TITO,,,JAWA TIMUR,0.625,YELLOW,422937909,AREA 3,JATIM,MADIUN,KEDIRI,,,0,0,0,JAWA TIMUR,NGANJUK,NGANJUK,PLOSO,NGANJUK
8765144810,,ODP-NJK-FZ/79,-7.554108,111.869165,,,3,4,0,0,8,REGIONAL 5,KEDIRI,NGANJUK,NJK,,,2024-03-16 23:22:38,2022-05-23,2022,5,NON TITO,,,JAWA TIMUR,0.5,YELLOW,1181890880,AREA 3,JATIM,MADIUN,KEDIRI,,,0,0,0,JAWA TIMUR,NGANJUK,REJOSO,SIDOKARE,NGANJUK
